-- categories
INSERT INTO `categories` (`id`,`name`,`slug`,`description`,`image`,`status`,`created_at`,`updated_at`) VALUES ('1','Elektronik','elektronik','Telefon, bilgisayar, tablet ve daha fazlası',NULL,'1','2026-06-08 21:19:35','2026-06-08 21:37:10');
INSERT INTO `categories` (`id`,`name`,`slug`,`description`,`image`,`status`,`created_at`,`updated_at`) VALUES ('2','Giyim','giyim','Erkek, kadın ve çocuk giyim ürünleri',NULL,'1','2026-06-08 21:19:35','2026-06-08 21:19:35');
INSERT INTO `categories` (`id`,`name`,`slug`,`description`,`image`,`status`,`created_at`,`updated_at`) VALUES ('3','Ev & Yaşam','ev-yasam','Ev dekorasyonu ve yaşam ürünleri',NULL,'1','2026-06-08 21:19:35','2026-06-08 21:19:35');
INSERT INTO `categories` (`id`,`name`,`slug`,`description`,`image`,`status`,`created_at`,`updated_at`) VALUES ('4','Spor','spor','Spor ekipmanları ve aksesuarlar',NULL,'1','2026-06-08 21:19:35','2026-06-08 21:19:35');
INSERT INTO `categories` (`id`,`name`,`slug`,`description`,`image`,`status`,`created_at`,`updated_at`) VALUES ('5','Kitap','kitap','Roman, bilim, eğitim ve daha fazlası',NULL,'1','2026-06-08 21:19:35','2026-06-08 21:19:35');
INSERT INTO `categories` (`id`,`name`,`slug`,`description`,`image`,`status`,`created_at`,`updated_at`) VALUES ('6','Kozmetik','kozmetik','Cilt bakımı ve güzellik ürünleri',NULL,'1','2026-06-08 21:19:35','2026-06-08 21:19:35');
INSERT INTO `categories` (`id`,`name`,`slug`,`description`,`image`,`status`,`created_at`,`updated_at`) VALUES ('7','Yatak & Banyo','yatak-banyo','Yatak örtüsü, çarşaf, nevresim ve banyo ürünleri',NULL,'1','2026-06-08 21:57:13','2026-06-08 21:57:13');
INSERT INTO `categories` (`id`,`name`,`slug`,`description`,`image`,`status`,`created_at`,`updated_at`) VALUES ('8','Mutfak','mutfak','Mutfak araç gereçleri ve aksesuarlar',NULL,'1','2026-06-08 21:57:13','2026-06-08 21:57:13');

-- products
INSERT INTO `products` (`id`,`category_id`,`name`,`slug`,`description`,`price`,`discount_price`,`stock`,`sizes`,`image`,`featured`,`status`,`created_at`,`updated_at`) VALUES ('1','1','SAMSUNG Galaxy S24 8 GB 256 GB Akıllı Telefon Onyx Black','samsung-galaxy-s24-8-gb-256-gb-akilli-telefon-onyx-black','Ürün Açıklaması\r\nYüz Tanıma\r\nVar\r\nÖn (Selfie) Kamera Aralığı\r\n8 - 13,9 MP\r\nEkran Boyutu\r\n6,1 inç\r\nPil Gücü\r\n4000 mAh\r\nÖn (Selfie) Kamera\r\n8 - 12,9 MP\r\nDahili Hafıza\r\n256 GB\r\nPil Gücü Aralığı\r\n4000 - 4999 mAh\r\nKablosuz Şarj\r\nVar\r\nGaranti Tipi\r\nResmi Distribütör Garantili\r\nRAM Kapasitesi\r\n8 GB RAM\r\nGPS (Küresel Konumlama Sistemi)\r\nVar\r\nParmak İzi Okuyucu\r\nVar\r\nNFC (Yakın Alan İletişimi)\r\nVar','41999.00','39998.96','15',NULL,'products/M8awimJMR16YBC6SSPqQJlwtAwST8D14FBQHfkwj.jpg','1','1','2026-06-08 21:19:35','2026-06-09 14:21:37');
INSERT INTO `products` (`id`,`category_id`,`name`,`slug`,`description`,`price`,`discount_price`,`stock`,`sizes`,`image`,`featured`,`status`,`created_at`,`updated_at`) VALUES ('2','1','iPhone 17 Pro Max','iphone-17-pro-max','iPhone 15 Pro - Yüksek kaliteli ürün. Hızlı kargo ve güvenli ödeme seçenekleriyle.','129999.00','120000.00','8',NULL,'products/qNYRgMMoISpkiQeQd53DbvYkBxSWkCiTHZV9oCzF.jpg','1','1','2026-06-08 21:19:35','2026-06-09 14:21:24');
INSERT INTO `products` (`id`,`category_id`,`name`,`slug`,`description`,`price`,`discount_price`,`stock`,`sizes`,`image`,`featured`,`status`,`created_at`,`updated_at`) VALUES ('3','1','MacBook Air M3','macbook-air-m3','Gümüş\r\n\r\nYıldız Işığı\r\n\r\nUzay Grisi\r\n\r\nGece Yarısı\r\n\r\nÇip\r\nApple M3 çip\r\n\r\n4 adet performans çekirdeğine ve 4 adet verimlilik çekirdeğine sahip 8 çekirdekli CPU\r\n\r\n8 çekirdekli GPU, 10 çekirdekli GPU\r\n\r\nDonanım hızlandırmalı ışın izleme\r\n\r\n16 çekirdekli Neural Engine\r\n\r\n100 GBps bellek bant genişliği\r\n\r\nMedia Engine\r\n\r\nDonanım hızlandırmalı H.264, HEVC, ProRes ve ProRes RAW\r\n\r\nVideolar için kod çözme motoru\r\n\r\nVideo kodlama motoru\r\n\r\nProRes formatında kodlama ve kod çözme motoru\r\n\r\nAV1 kod çözme\r\n\r\nYapılandırma seçenekleri:\r\n\r\n8 çekirdekli CPU’ya ve 10 çekirdekli GPU’ya sahip M3 çip\r\n\r\nEkran\r\nLiquid Retina ekran\r\n\r\nIPS teknolojisine sahip 13.6 inç (diyagonal) LED arkadan aydınlatmalı ekran;1 İnç başına 224 piksel yoğunlukta 2560 x 1664 özgün çözünürlük\r\n\r\n500 nit parlaklık\r\n\r\nRenk\r\n\r\n1 milyar renk desteği\r\n\r\nGeniş renk yelpazesi (P3)\r\n\r\nTrue Tone teknolojisi\r\n\r\nBellek\r\n16 GB birleşik bellek\r\n\r\nYapılandırma seçenekleri\r\n\r\n24 GB\r\n\r\n8 GB birleşik bellek\r\n\r\nYapılandırma seçenekleri\r\n\r\n16 GB veya 24 GB\r\n\r\nPil ve Güç2\r\nApple TV uygulamasından 18 saate kadar film izleme\r\n\r\nKablosuz bağlantıyla 15 saate kadar internette gezinme\r\n\r\n52.6 watt-saatlik lityum polimer pil\r\n\r\n30 W USB-C Güç Adaptörü (8 çekirdekli GPU’ya sahip M2 ve M3 çipli modellerde sunulur)\r\n\r\n35 W Çift USB-C Bağlantı Noktalı Güç Adaptörü (10 çekirdekli GPU’ya ve 512 GB depolama alanına sahip M2 ve M3 çipli modellerde sunulur, 8 çekirdekli GPU’ya sahip M2 ve M3 çipli modellerde yapılandırma seçeneği olarak sunulur)\r\n\r\nUSB-C - MagSafe 3 Kablosu\r\n\r\n70 W USB-C Güç Adaptörü ile hızlı şarj özelliği\r\n\r\nDepolama3\r\n256 GB SSD\r\n\r\nYapılandırma seçenekleri\r\n\r\n512 GB, 1 TB veya 2 TB','67999.00','64999.00','5',NULL,'products/bFi7XvN2TGED4qVlZeQTGjvdpTJJpOuF1YXkcpUq.png','0','1','2026-06-08 21:19:35','2026-06-09 14:32:38');
INSERT INTO `products` (`id`,`category_id`,`name`,`slug`,`description`,`price`,`discount_price`,`stock`,`sizes`,`image`,`featured`,`status`,`created_at`,`updated_at`) VALUES ('4','1','APPLE Airpods 4 Bluetooth Kulak İçi Kulaklık MXP63TU/A','apple-airpods-4-bluetooth-kulak-ici-kulaklik-mxp63tua','Apple AirPods 4 bluetooth kulaklık, geniş kullanım alanıyla müzikseverler ve teknoloji meraklıları için ideal bir seçimdir. Uzun pil ömrüyle saatlerce kullanabilir, harika bir ses deneyimi yaşayabilirsiniz.\r\n\r\nKablosuz Kullanım Özgürlüğünü Yaşayın\r\nKablosuz sinyal iletimi teknolojisi sayesinde kablo karmaşasından tamamen kurtulabilirsiniz. Spor yaparken, işe giderken veya günlük aktivitelerinizi gerçekleştirirken hareket özgürlüğü elde edebilirsiniz.\r\n\r\nHızlı ve Stabil Bağlantı Sunan Bluetooth 5.3\r\nBluetooth 5.3 teknolojisi ile donatılmış olan AirPods 4 kablosuz kulaklık, son derece stabil ve hızlı bağlantı performansı sergiler. Bu sayede akıllı telefon, tablet veya bilgisayarınızla kolayca eşleştirebilirsiniz.\r\n\r\nBluetooth 5.3\'ün sunduğu optimize edilmiş veri aktarım hızı, yüksek kaliteli ses kodlamasını destekleyerek müzik dinleme deneyiminizi zenginleştirir. Gelişmiş bağlantı protokolü sayesinde 10 metreye kadar kesintisiz sinyal alımı gerçekleştirebilirsiniz. Düşük gecikme özelliği ile video izlerken veya oyun oynarken ses-görüntü uyumsuzluğu problemini ortadan kaldırabilirsiniz.\r\n\r\nEntegre Mikrofon Sayesinde Muhteşem Kalitede Ses İletimi\r\nDahili mikrofon özelliği ile telefon görüşmelerinizi net bir ses kalitesiyle gerçekleştirebilirsiniz. Eller serbest konuşma imkanı sunan bu sistem, iş görüşmelerinde ve kişisel aramalarında profesyonel ses kalitesi sağlar. Mikrofon teknolojisi, çevresel sesleri filtreleyerek karşı tarafın sizi net bir şekilde duymasını garanti eder. Video konferanslarda, online toplantılarda ve günlük telefon görüşmelerinde mükemmel performans gösterir ve iletişim kalitenizi artırır.\r\n\r\n30 Saate Varan Pil Ömrü\r\nAirPods 4\'ün 30 saate kadar uzanan maksimum batarya süresi ile günlük kullanımınızı kesintisiz sürdürebilirsiniz. Bu uzun pil ömrü sayesinde sık şarj etme ihtiyacı duymadan saatlerce müzik dinleme keyfini yaşarsınız. Uzun seyahatlerde, iş günlerinde ve hafta sonu aktivitelerinde güvenle kullanabilirsiniz.\r\n\r\nEnerji verimli tasarım anlayışı, batarya ömrünü uzatırken çevresel etkiyi de minimize eder. Akıllı güç yönetim sistemi, kullanım alışkanlıklarınıza göre enerji tüketimini ayarlayarak optimal performans sergiler.','6570.00','5900.00','20',NULL,'products/pm8PVicp4X4JSsExU0EJp3FRKEp3xjTjPEWllRkl.jpg','0','1','2026-06-08 21:19:35','2026-06-09 14:20:44');
INSERT INTO `products` (`id`,`category_id`,`name`,`slug`,`description`,`price`,`discount_price`,`stock`,`sizes`,`image`,`featured`,`status`,`created_at`,`updated_at`) VALUES ('6','2','Kadın Trençkot','kadin-trenckot','Regular form, yüksek yaka, uzun kol, ara boy, omuz ve kol apoletli, rüzgarlıklı, kemer detaylı, düğme kapamalı, astarlı.\r\n\r\nKumaş: %100 Pamuk\r\n\r\nYıkanmaz\r\nÇamaşır suyu / beyazlatıcı kullanılmaz\r\nMaksimum 110 °C’de ütüleyiniz.\r\nTetrakloroetilen kuru temizleme\r\nKurutucu kullanılmaz.','3799.00','3000.00','25',NULL,'products/rfYRDJFx08ZUnwCIdpHwvLjKboKY9JMVzIUWMBzW.jpg','0','1','2026-06-08 21:19:35','2026-06-09 14:24:40');
INSERT INTO `products` (`id`,`category_id`,`name`,`slug`,`description`,`price`,`discount_price`,`stock`,`sizes`,`image`,`featured`,`status`,`created_at`,`updated_at`) VALUES ('7','2','Spor Ayakkabı','spor-ayakkabi','Nike Dunk Koleksiyon','8999.00','5499.95','40',NULL,'products/FxmJsxiK26DIKjdw1ovIjuP1cf9M1lIbjkmK3Cj9.jpg','0','1','2026-06-08 21:19:35','2026-06-09 14:26:55');
INSERT INTO `products` (`id`,`category_id`,`name`,`slug`,`description`,`price`,`discount_price`,`stock`,`sizes`,`image`,`featured`,`status`,`created_at`,`updated_at`) VALUES ('8','3','Ahşap Yemek Masası Takımı','ahsap-yemek-masasi-takimi','Takım İçeriği- 1 Adet Yemek Masasından Oluşmaktadır.\r\nMasa Malzemesi- Üst tabla masif ahşap malzemeden üretilmiştir.\r\nAyak Malzemesi- Masif ahşap malzemeden üretilmiştir.\r\nMasa Fonksiyonu- Masa ortadan açılır özelliğe sahip değildir.\r\nBakım- Mobilyalarınızın temizliğini nemli bezle silerek yapabilirsiniz. Direkt güneş ışığından koruyunuz. Sıcak yüzeylerin ve suyun uzun süreli yüzeye temasından kaçınınız.\r\nDemonte Parçalar- Ayaklar demonte olarak gönderilir.','37000.00','34999.97','10',NULL,'products/zqt7LvV1jfJNDNLq3oK9le5dfu0LbtFZ6tu0eAHJ.jpg','1','1','2026-06-08 21:19:35','2026-06-09 14:21:48');
INSERT INTO `products` (`id`,`category_id`,`name`,`slug`,`description`,`price`,`discount_price`,`stock`,`sizes`,`image`,`featured`,`status`,`created_at`,`updated_at`) VALUES ('9','3','Dekoratif Çift Yönlü Duvar Aydınlatma Led Aplik Duvar Lambası Haiti','dekoratif-cift-yonlu-duvar-aydinlatma-led-aplik-duvar-lambasi-haiti','Dekoratif çift yönlü duvar aydınlatma led aplik duvar lambası haiti desenli duvar aplik Haiti model Dekoratif aplik çift yönlü Genişlik 17,2 cm yükseklik 9,5 cm derinlik 4,3 cm\r\nDekoratif aplik çift taraflı haiti modeli hem iç mekan da hemde dış mekan da kullanıma uygundur.\r\nSu geçirmez ıp64 koruma sınıfı\r\nÜrün özellikleri Led özelliği : Smd led\r\nToplam güç : 12 watt\r\nVolt : 220v\r\nKasa rengi : Siyah\r\nKasa malzemesi : POLİPROPİLEN SERT PLASTİK\r\nIşık akışı : 810 lümen\r\nIşık rengi : Gün ışığı Amber Beyaz Mavi\r\nKullanım ömrü : 15.000 saat\r\nKoruma sınıfı : Ip64','549.00','479.00','50',NULL,'products/XqxV8QRDqfcHvK815zentknpeXA9BqxF3oqGFOn2.jpg','0','1','2026-06-08 21:19:35','2026-06-09 14:24:24');
INSERT INTO `products` (`id`,`category_id`,`name`,`slug`,`description`,`price`,`discount_price`,`stock`,`sizes`,`image`,`featured`,`status`,`created_at`,`updated_at`) VALUES ('11','4','Yoga Matı','yoga-mati','Yoga Matı - Yüksek kaliteli ürün. Hızlı kargo ve güvenli ödeme seçenekleriyle.','299.00',NULL,'60',NULL,'products/bMVopXuZ9VsN7xCOXQDa7XdS5fAMqshbjoEiwpeB.jpg','0','1','2026-06-08 21:19:35','2026-06-09 14:33:30');
INSERT INTO `products` (`id`,`category_id`,`name`,`slug`,`description`,`price`,`discount_price`,`stock`,`sizes`,`image`,`featured`,`status`,`created_at`,`updated_at`) VALUES ('16','6','Miss Dior - Parfum 50ml','miss-dior-parfum-50ml','Miss Dior, Provence\'da ateş böceklerinin aydınlattığı, yeşil yaseminin gece ve toprağın melodisiyle ahenk oluşturduğu akşamlardan doğdu.” Christian Dior, 1947 yılında ilk kokusu Miss Dior\'u yaratmasının ardındaki ilhamı işte böyle tanımlıyor.\r\n\r\nFrancis Kurkdjian\'ın orijinal Miss Dior\'u yeniden yorumlayışı: Miss Dior Parfum. Yaseminin hâkim olduğu ve amberimsi ağaç akorlarıyla sarılı, mandalina notalarıyla aşılanmış nadir, meyvemsi yönleri olan yoğun bir kadın kokusu. Sulu meyveler ve kır çiçekleriyle dolu, yosun kaplı bir ormanda gece gezintisinin kokusal tercümesi.\r\n\r\nMiss Dior\'un simgesi olan kaz ayağı motifi şişeyi çevreliyor. Boyuna bağlanan gümüşi bir \'poignard\' fiyonk, Miss Dior Parfum\'ün imza niteliğindeki couture ruhunu tamamlıyor.\r\nÜrün kodu\r\n\r\n720056\r\n\r\nÜretici iletişim:\r\n\r\nAB sorumlusu iletişim','7149.98',NULL,'30',NULL,'products/AulbdZnfOadJiYamMJk7Z68YbZDyxHtFnl1QIARn.jpg','0','1','2026-06-08 21:43:44','2026-06-09 14:31:18');
INSERT INTO `products` (`id`,`category_id`,`name`,`slug`,`description`,`price`,`discount_price`,`stock`,`sizes`,`image`,`featured`,`status`,`created_at`,`updated_at`) VALUES ('17','6','Dior Sauvage - Eau de Parfum','dior-sauvage-eau-de-parfum','Sauvage\'ın güçlü tazeliği, yeni duygusal ve gizemli yönlerini ortaya çıkarıyor. Sulu Bergamot, duyusallığı arttırmak için baharatlı notaları davet ediyor; Ambroksan ve Papua Yeni Gine Vanilya aromasıyla etrafı sarılıyor. Dior Parfüm Yaratıcısı, François Demachy, ilhamını çöl alacakaranlığının büyülü saatinden alıyor. Gecenin soğuğu çölün yakıcılığıyla bu eşsiz kokuda buluşuyor.\r\nÜrün kodu\r\n\r\n421404\r\n\r\nÜretici iletişim:\r\n\r\nAB sorumlusu iletişim:','5870.00',NULL,'10',NULL,'products/zPQhi6FuAZ1RkuAKuiSiasdikttVN1gKxCvpk5o2.jpg','0','1','2026-06-08 21:45:54','2026-06-09 14:29:41');
INSERT INTO `products` (`id`,`category_id`,`name`,`slug`,`description`,`price`,`discount_price`,`stock`,`sizes`,`image`,`featured`,`status`,`created_at`,`updated_at`) VALUES ('18','7','Çift Kişilik Yatak Örtüsü','cift-kisilik-yatak-ortusu','Çift Kişilik Nevresim Takımı\r\n\r\nÇarşaf: 240 x 260 cm\r\nNevresim: 200 x 220 cm\r\nYastık Kılıf: 50 x 70 cm 2 Adet\r\n\r\n% 100 Pamuk , 57 tel dokuma sıklığındadır.\r\n\r\nKolay ütülenebilir özelliği bulunmaktadır.\r\nYıkama sonrası çekme ve akma problemi ile karşılaşılmaz.\r\nHafiftir ve hava geçirgenliği mevcuttur.\r\nHızlı kurur kolay ütülenir.\r\n\r\n\r\n\r\nYIKAMA TALİMATI\r\n\r\n-Elde veya çamaşır makinesinde 30 derecede ılık suda ters çevirerek yıkayınız.\r\n-Çamaşır suyu kullanmayınız\r\n-Düşük ısıda yıkayınız.\r\n-Islak bekletmeyiniz.\r\n-Düşük devirde tamburlu kurutucuda kurutabilirsiniz.\r\n-İlk yıkamada ürünü ters çevirerek yıkayınız.Bu tüm ürünler için geçerlidir ve böylelikle ürünün ömrü uzamış olur.','899.00','749.00','40',NULL,'products/a0xW9ZXCsfKSFDDXl9hB9BYkNn0w753z6045Bj1Q.jpg','1','1','2026-06-08 21:57:13','2026-06-09 14:35:04');
INSERT INTO `products` (`id`,`category_id`,`name`,`slug`,`description`,`price`,`discount_price`,`stock`,`sizes`,`image`,`featured`,`status`,`created_at`,`updated_at`) VALUES ('19','7','Pamuklu Çarşaf Seti','pamuklu-carsaf-seti','Paket İçeriği\r\n1 adet 200x220 cm Nevresim Düğmeli\r\n2 adet desenli yastık kılıfı\r\n160 x 200 cm Lastikli Çarşaf','4999.00',NULL,'55',NULL,'products/F5keetNaB32gpnjOf8ntfzWDdG54NmXYjZWPJcq7.webp','0','1','2026-06-08 21:57:13','2026-06-09 14:35:37');
INSERT INTO `products` (`id`,`category_id`,`name`,`slug`,`description`,`price`,`discount_price`,`stock`,`sizes`,`image`,`featured`,`status`,`created_at`,`updated_at`) VALUES ('20','7','Celerina %100 Pamuk Çift Kişilik Lastikli Çarşaflı Nevresim Takımı Mavi','celerina-100-pamuk-cift-kisilik-lastikli-carsafli-nevresim-takimi-mavi','Karaca Home Celerina %100 Pamuk Çift Kişilik Lastikli Çarşaflı Nevresim Takımı Mavi\r\n\r\nSet İçeriği\r\n\r\nNevresim: 200 cm x 220 cm\r\nLastikli Yatak Çarşafı: 160 cm x 200 cm+3 cm\r\nVolanlı Yastık Kılıfı: 50 cm x 70 cm (2 Adet)\r\nMalzeme: %100 Pamuk\r\n\r\nÇarşaf Renk: Açık Mavi\r\nÖzellikler\r\n\r\nÇamaşır makinasinde yıkanabilir, 30 derecede yıkanması tavsiye edilir.\r\nKurutma makinesinde kullanımı uygundur.\r\nKuru temizleme yapılabilir.\r\nÜtü kullanımına uygundur.','1999.00','999.00','30',NULL,'products/nhMFAm0E4YNQLpJL3BjnfJaht1Y0rFHnl2Fbg7oy.webp','1','1','2026-06-08 21:57:13','2026-06-09 14:34:48');
INSERT INTO `products` (`id`,`category_id`,`name`,`slug`,`description`,`price`,`discount_price`,`stock`,`sizes`,`image`,`featured`,`status`,`created_at`,`updated_at`) VALUES ('21','8','8\'li Mutfak Gereç Seti','8li-mutfak-gerec-seti','PEROTTİ ROSSO WHITE PRO 8Lİ MUTFAK SET','649.00','499.00','25',NULL,'products/JaXxLW4h2HkDeujkjcgDcA6iYJHU9xvNGVjszuzk.jpg','0','1','2026-06-08 21:57:13','2026-06-09 14:33:02');
INSERT INTO `products` (`id`,`category_id`,`name`,`slug`,`description`,`price`,`discount_price`,`stock`,`sizes`,`image`,`featured`,`status`,`created_at`,`updated_at`) VALUES ('22','8','Black Stone Tencere Seti 7 Parça - Schafer','black-stone-tencere-seti-7-parca-schafer','Schafer Black Stone Tencere Seti 7 Parça-Siyah\r\n\r\nBlack Stone 7 Parça Tencere Seti, mutfakta hem fonksiyonelliği hem de estetik şıklığı bir arada sunar. Taş dokulu granit görünümlü yüzeyi ve dayanıklı yapısıyla günlük kullanıma uygundur. Farklı boyutlardaki tencereler, tava ve karnıyarık tenceresi ile çeşitli pişirme ihtiyaçlarını karşılar. Geniş iç hacmi, yapışmaz yüzeyi ve modern tasarımıyla Black Stone Set, her mutfağın vazgeçilmez yardımcısıdır.\r\n\r\nSet İçeriği\r\n•  18 cm Derin Tencere + Kapak – 2 Litre\r\n•  22 cm Derin Tencere + Kapak – 3 Litre\r\n•  26 cm Karnıyarık Tenceresi + Kapak – 3,5 Litre\r\n•  26 cm Tava\r\n\r\nTeknik Özellikler\r\n•  Malzeme: Alüminyum döküm üzerine güçlendirilmiş granit kaplama\r\n•  Kaplama: Yapışmaz ve çizilmeye karşı dayanıklı granit görünümlü yüzey\r\n•  Renk: Siyah taş dokulu dış yüzey\r\n•  Kapak: Isıya dayanıklı cam kapaklar\r\n•  Kulplar: El yakmayan ergonomik bakalit kulplar\r\n•  Uyum: Gazlı ve elektrikli ocaklarla uyumlu (indüksiyon hariç)\r\n•  Kullanım Alanı: Kızartma, haşlama, soteleme, tencere yemekleri ve daha fazlası\r\n\r\nKullanım Talimatı\r\n•  İlk kullanım öncesi ürünleri ılık sabunlu su ile yıkayınız ve kurulayınız.\r\n•  Orta ateşte kullanım önerilir; yüksek ısıda boş ısıtmayınız.\r\n•  Yüzeyin korunması için sadece plastik, silikon veya ahşap gereçler kullanınız.\r\n•  Ani sıcaklık değişimlerinden kaçınınız.\r\n•  Bulaşık makinesinde yıkanabilir; ancak kaplamanın ömrünü uzatmak için elde yıkama tavsiye edilir.\r\n•  Sert sünger veya aşındırıcı temizlik ürünleri kullanmayınız.','3799.00','2499.00','18',NULL,'products/fggv54t8pyjvj9uQLbb4Gwv0ijuYMplo9vUEvzWk.jpg','1','1','2026-06-08 21:57:13','2026-06-09 14:33:16');
INSERT INTO `products` (`id`,`category_id`,`name`,`slug`,`description`,`price`,`discount_price`,`stock`,`sizes`,`image`,`featured`,`status`,`created_at`,`updated_at`) VALUES ('23','3','Fenerbahçe Dekomus Gıft Box Özel Kutulu Sarı Kanarya Kırtasiye Seti Uçlu Kalemi Roket Silgi,Airpods','fenerbahce-dekomus-gift-box-ozel-kutulu-sari-kanarya-kirtasiye-seti-uclu-kalemi-roket-silgiairpods','ÖZELLİKLİ KUTULU SET: Fenerbahçe resmi lisanslı ürün, sarı kanarya temalı dekoratif hediye kutusunda sunulan eksiksiz kırtasiye seti\r\nKOMPLİT KIRTASİYE ÇÖZÜMÜ: Uçlu kalem, roket silgi ve AirPods ile birlikte gelen pratik ve şık kombinasyon\r\nYAZIM ARACI: Kaliteli uçlu kalem, günlük yazı işlemleri ve not alma için ideal\r\nBONUS AKSESUARLAR: Roket silgi ve AirPods ile ekstra değer sağlayan kapsamlı set\r\nHEDİYE HAZIR PAKETLEME: Özel kutulu sunumu sayesinde doğrudan hediye olarak verilebilecek şekilde hazırlanmış','909.00',NULL,'35',NULL,'products/Q5YbHNNMF18hM57YGpNl0p1NRPVUlbN0FBMT55PR.webp','0','1','2026-06-08 21:57:13','2026-06-09 14:22:06');
INSERT INTO `products` (`id`,`category_id`,`name`,`slug`,`description`,`price`,`discount_price`,`stock`,`sizes`,`image`,`featured`,`status`,`created_at`,`updated_at`) VALUES ('24','5','Suç ve Ceza - Dostoyevski','suc-ve-ceza-dostoyevski','Hamur Tipi: 2. Hamur\r\nEbat: 12,5 x 19,5\r\nİlk Baskı Yılı: 2018','229.00','129.00','70',NULL,'products/fbB6uKIlPfNtkOp9fZmW6vLgqFF9Tzizzxr33prI.jpg','0','1','2026-06-08 21:57:13','2026-06-09 14:29:04');
INSERT INTO `products` (`id`,`category_id`,`name`,`slug`,`description`,`price`,`discount_price`,`stock`,`sizes`,`image`,`featured`,`status`,`created_at`,`updated_at`) VALUES ('25','5','Temiz Kod - M. Furkan Ardoğan','temiz-kod-m-furkan-ardogan','Belki bir evi herkes inşa edebilir fakat gökdelen inşa etmek aynı değildir. Daha ciddi işler çıkarmanın daha hazırlıklı ve teknik olmayı gerektirmek gibi zorlu bir yönü vardır. Peki, daha ciddi yazılımlar geliştirmek istediğinizde aklınızda olması gerekenler hakkında ne biliyorsunuz? İyi yazılmış kodlar tesadüf değildir ve daha iyi kodlar yazmak kullandığınız programlama dilinin de çok ötesindedir. Yeni kodlar yazarken göz önünde bulundurmanız gereken prensipler, izleyebileceğiniz tasarım kalıpları, daha başarılı birim testleri yazmak için yapabilecekleriniz, var olan kodlardaki problemleri tespit edip onları ekarte etmek için uygulayabileceğiniz birçok yöntem ve daha fazlası.\r\nBu kitap, Nesne Yönelimli Programlama dilleriyle uygulama geliştiren herkes için. Eğer bir miktar programlama geçmişiniz varsa (programlama geçmişinizin olduğu varsayılacaktır) ve daha güçlü, esnek nesne yönelimli tasarımlar yapabilmek konusunda hevesliyseniz bu kitap tam size göre diyebiliriz.\r\n\r\n• Nesne Yönelimli Analiz ve Tasarım\r\n• Coupling & Amp; Decoupling\r\n• Inversion of Control & Dependency Injection\r\n• UML ile Modelleme (Class & Package & Sequence Diyagramları)\r\n• Kodlama Prensipleri (SOLID, Granularity vb.)\r\n• GoF Tasarım Kalıpları\r\n• Code Smells & Refactoring Yöntemleri\r\n• Test Yazma Prensipleri & Tasarım Kalıpları\r\n• Test Driven Development\r\n• CQR\r\nKitap Adı:\r\nTemiz Kod\r\nYazar:\r\nM. Furkan Ardoğan\r\nYayınevi:\r\nKodlab\r\nHamur Tipi:\r\n2. Hamur\r\nSayfa Sayısı:\r\n568\r\nEbat:\r\n15 x 21\r\nİlk Baskı Yılı:\r\n2023\r\nBaskı Sayısı:\r\n1. Basım\r\nDil:\r\nTürkçe\r\nBarkod:\r\n9786257440646','399.00','349.00','45',NULL,'products/QhTVb7P1pvH0f8xo7LpbyfFk9wpb3xFKDPkvA0qs.png','0','1','2026-06-08 21:57:13','2026-06-09 14:29:13');
INSERT INTO `products` (`id`,`category_id`,`name`,`slug`,`description`,`price`,`discount_price`,`stock`,`sizes`,`image`,`featured`,`status`,`created_at`,`updated_at`) VALUES ('26','1','Dell Tower ECT1250 I5-14400 16GB 512GB SSD Ubuntu ECT1250-RPLS-R-003-U','dell-tower-ect1250-i5-14400-16gb-512gb-ssd-ubuntu-ect1250-rpls-r-003-u','Boyutlar ve ağırlık\r\n1. Yükseklik: 12,76 inç (324,3 mm)\r\n2. Genişlik: 6,06 inç (154 mm)\r\n3. Genişlik: 6,06 inç (154 mm)\r\nBaşlangıç ağırlığı: 9,17 lb. (4,16 kg)','37630.12',NULL,'0',NULL,'products/lJCvKbCpemA8yPFz74iWi7bDgmmEhLYUR8LL3qag.jpg','0','1','2026-06-09 10:43:46','2026-06-09 14:21:11');
INSERT INTO `products` (`id`,`category_id`,`name`,`slug`,`description`,`price`,`discount_price`,`stock`,`sizes`,`image`,`featured`,`status`,`created_at`,`updated_at`) VALUES ('27','1','DELL Pro 14 Notebook U5 16/512 FDOS','dell-pro-14-notebook-u5-16512-fdos','Dell Pro 14 Dizüstü Bilgisayar Serisi\r\nYeni, modern bir tasarımda temel üretkenlik\r\nGelişmiş mobilite ve performans, uzun pil ömrü ve tamamen yeni yenilikçi tasarım, bu cihazı güvenebileceğiniz bir cihaz haline getiriyor. Dell Pro dizüstü bilgisayarlar %30’a kadar PCR plastik ile tasarlanmıştır\r\n\r\nDaha şık, daha hafif ve daha akıcı çalışın\r\nDell Pro 14, platin gümüş renginde şık metalik kaplamaya ve manyetit renginde dokulu kaplamaya sahiptir.\r\n\r\nİşiniz sizi nereye götürürse götürsün seyahat etmek için tasarlanan Dell Pro 14, dayanıklılık ve güvenilirlik açısından zorlu MIL–STD testlerinden geçer.\r\n\r\nWindows‘ta Copilot‘un yardımıyla, Windows Copilot tuşunu kullanarak kendi kişisel yapay zeka asistanınıza anında erişebilirsiniz. Wi–Fi 7‘ye kadar hızlı bağlantı seçenekleriyle her yerden üretkenliğinizi koruyabilirsiniz.\r\n\r\nDaha dar çerçevelere ve aynı alanda %10 daha hafif bir alanda %5 daha fazla ekran alanına sahip geniş 16:10 ekran sayesinde, daha geniş, daha ayrıntılı bir ekranda daha verimli çalışabilirsiniz.\r\n\r\nDaha akıllı çalışın\r\nNPU, GPU ve CPU’ya sahip isteğe bağlı Intel® Core™ Ultra 200U serisi işlemcilerle olağanüstü performans, pil ömrü ve güçlü cihaz içi yapay zekadan yararlanın.Intel vPro® Platformu ile BT departmanları, işlerini desteklemek için gereken çok katmanlı güvenliği, uzaktan yönetilebilirliği ve güvenilir kararlılığı elde eder.\r\n\r\nNPU – Düşük Güç: Görüntülü aramalar sırasında Microsoft Studio Efektleri gibi yapay zeka özelliklerini çalıştırmak için idealdir. \r\nCPU – Hızlı Yanıt: Gerçek zamanlı çoklu görev ve gürültü engelleme ve anında transkripsiyon gibi yapay zeka iş yükleri için idealdir.\r\nGPU – Yüksek Verim: Yapay zeka hızlandırmalı dijital içerik oluşturma ve video düzenleme için idealdir.','67000.00',NULL,'10',NULL,'products/flXf1dQ9fpGCnq6EQHlS9FtlwCi8K108PZJ1NzTv.jpg','0','1','2026-06-09 10:46:46','2026-06-09 14:20:58');
INSERT INTO `products` (`id`,`category_id`,`name`,`slug`,`description`,`price`,`discount_price`,`stock`,`sizes`,`image`,`featured`,`status`,`created_at`,`updated_at`) VALUES ('28','5','Karamazov Kardeşler','karamazov-kardesler',NULL,'293.95',NULL,'18',NULL,'products/q4Sq0KSIJhA5LYK8akncMQj2V9r31DhAPwwr9LZL.webp','0','1','2026-06-09 10:48:57','2026-06-09 14:36:09');
INSERT INTO `products` (`id`,`category_id`,`name`,`slug`,`description`,`price`,`discount_price`,`stock`,`sizes`,`image`,`featured`,`status`,`created_at`,`updated_at`) VALUES ('29','5','Yeraltından Notlar','yeraltindan-notlar','Ürün Açıklaması\r\nFyodor Mihayloviç Dostoyevski (1821-1881 ): İlk roman İnsancıklar\'ın çarpıcı konusu ve farklı kurgusuyla dikkatleri çekti.\r\n\r\nİnsan ruhunun derinliklerini sergileyiş gücüyle önemli bir yazar olarak ün kazandı.\r\n\r\nAncak daha sonra yayımlanan eseri o dönemde fazla ilgi görmedi.\r\n\r\nDostoyevski 1849\'da 1.Nikolay\'ın baskıcı rejimine muhalif Petraşevski grubunu üyesi olduğu gerekçesiyle tutuklandı.\r\n\r\nKurşuna dizilmek üzereyken cezası sürgün ve zorunlu askerliğe çevrildi.\r\n\r\nSibirya sürgününden sonra yazdığı romanlarla tekrar eski ününe kavuştu.1864\'de Vremya dergisinde yayımladığı Yeraltından Notlar gerçek dünyadan kendini soyutlamış bir kişinin iç çatışmalarını ve hezeyanlarını konu alır.\r\n\r\nBu roman Dostoyevski\'nin daha sonra yazacağı büyük romanların ipuçlarını taşımaktadır.\r\n\r\nÜrün Adı: Yeraltından Notlar - Hasan Ali Yücel Klasikleri Ürün Kodu: 9789944884013 Yazar: Fyodor Mihayloviç Dostoyevski Basım Yılı: 2020 Kapak Türü: Karton Kapak Sayfa Sayısı: 140 Kağıt Cinsi: 2. Hamur Çevirmen: Nihal Yalaza Taluy','85.00',NULL,'0',NULL,'products/l0x2Tj2Gb85fWaDjshNwxq7Jvqi6TtfywX28AaRq.jpg','0','1','2026-06-09 10:52:22','2026-06-09 14:29:26');
INSERT INTO `products` (`id`,`category_id`,`name`,`slug`,`description`,`price`,`discount_price`,`stock`,`sizes`,`image`,`featured`,`status`,`created_at`,`updated_at`) VALUES ('30','2','Nike Moon Shoe OG','nike-moon-shoe-og','Bu ürün site promosyonları ve indirimleri kapsamında değildir.\r\nNike henüz Nike adını almadan önce Bill Bowerman, eşinin waffle ızgarasını kullanarak şirketin ilk koşu ayakkabısını yaratmıştı. Modern yorumuyla bu model, orijinal tasarımı yeniden ilgi odağı haline getiriyor. Deri detaylar ve Swoosh logoları ile tamamlanan naylon üst kısım, 1970\'lerin koşucu stilini yeniden yaratmak için Waffle tabanla bir araya geliyor. Efsaneyi başlatan ayakkabıyla tarihte bir yolculuğa çık.\r\n\r\n\r\nGösterilen Renk: Soft Yellow/Siyah/Soft Pearl\r\nStil: IW0955-700\r\nMenşe Ülke/Bölge: Vietnam','5499.00',NULL,'0',NULL,'products/9P6geq9e5IunTpbvz9pMKiiUUteJHdfagwuevYg6.png','0','1','2026-06-09 14:27:52','2026-06-09 14:28:46');

-- users
INSERT INTO `users` (`id`,`name`,`email`,`phone`,`address`,`role`,`email_verified_at`,`password`,`remember_token`,`created_at`,`updated_at`) VALUES ('1','Admin','silannaybekk@gmail.com',NULL,'Bağcılar Mah. Atatürk Cd. No:12 D:4, Bağcılar/İstanbul','admin',NULL,'$2y$12$/AkmX91/LkAEFoJA4jhA2eU7f1v3LiShy5rrJPOqLBGUOo0LvWON2','OrQCB4s3L0oItOTr5pkoVmKytH7POHhymHcs2AXrMfoiThIj2afkXNjFigTA','2026-06-01 11:47:05','2026-06-01 11:47:05');
INSERT INTO `users` (`id`,`name`,`email`,`phone`,`address`,`role`,`email_verified_at`,`password`,`remember_token`,`created_at`,`updated_at`) VALUES ('3','Yaren Gökçül','yarengokcul@icloud.com','05321234567','Şehitkamil Mah. Cumhuriyet Bulvarı No:45 D:7, Şehitkamil/Gaziantep','user',NULL,'$2y$12$y.70hWaKnDif2OTyw3BUyu91aW4VZyFsWZRtbpi8FK26xSniP2DqK',NULL,'2026-06-01 16:55:44','2026-06-09 14:47:11');
INSERT INTO `users` (`id`,`name`,`email`,`phone`,`address`,`role`,`email_verified_at`,`password`,`remember_token`,`created_at`,`updated_at`) VALUES ('4','Ata Çelik','ata.celik.samiloglu4@gmail.com','05441234567','Merkez Mah. İnönü Cd. No:8 D:2, Merkez/Bingöl','user',NULL,'$2y$12$vbI4/iipV0Nx0QVcrjEQtOmxo3M6bFnNNck7CrHCW.crHOW4tHecC',NULL,'2026-06-02 08:33:21','2026-06-02 08:33:21');
INSERT INTO `users` (`id`,`name`,`email`,`phone`,`address`,`role`,`email_verified_at`,`password`,`remember_token`,`created_at`,`updated_at`) VALUES ('5','İlayda Acarlar','acarlar.ilayda@icloud.com','05361234567','Kadıköy Mah. Moda Cd. No:33 D:5, Kadıköy/İstanbul','user',NULL,'$2y$12$66GZ1v1kHDWRTYj5L1Xmquizs8AC/dFMZfZmwttc04kB7v/3/x1tS',NULL,'2026-06-02 10:11:09','2026-06-02 10:11:09');
INSERT INTO `users` (`id`,`name`,`email`,`phone`,`address`,`role`,`email_verified_at`,`password`,`remember_token`,`created_at`,`updated_at`) VALUES ('6','Burhan Durmazz','bburhanddrmaz@icloud.com','05351234567','İbrahimli Mah. Gaziler Cd. No:17 D:3, Şahinbey/Gaziantep','user',NULL,'$2y$12$IgDJOioXBmQ.1pK9oaDtoeAYPvy3QyugIK9N9dvVuE1W53ruc5C4q',NULL,'2026-06-02 13:48:57','2026-06-02 13:48:57');
INSERT INTO `users` (`id`,`name`,`email`,`phone`,`address`,`role`,`email_verified_at`,`password`,`remember_token`,`created_at`,`updated_at`) VALUES ('7','ali demir','alidemir@gmail.com','05324567890','Yeni Mah. Cumhuriyet Cd. No:21, Merkez/Bingöl','user',NULL,'$2y$12$kyEtS3S7pDd6uzvYGnEs3eXp0DusMQHTrIbA8UQuT5iIy6xNvNWr6',NULL,'2026-06-02 17:29:03','2026-06-02 17:29:03');
INSERT INTO `users` (`id`,`name`,`email`,`phone`,`address`,`role`,`email_verified_at`,`password`,`remember_token`,`created_at`,`updated_at`) VALUES ('8','buse yılmaz','buseyilmaz@gmail.com','05465678097','Üsküdar Mah. Hakimiyet Cd. No:9 D:1, Üsküdar/İstanbul','user',NULL,'$2y$12$Mc9HY/eE0eR.uv6JCZYXxuv6NX0VfTaXdlgVy06XU3NdfwVF0XQIq',NULL,'2026-06-01 09:14:32','2026-06-01 09:14:32');
INSERT INTO `users` (`id`,`name`,`email`,`phone`,`address`,`role`,`email_verified_at`,`password`,`remember_token`,`created_at`,`updated_at`) VALUES ('9','zehra aybek','zehraybek4@gmail.com','05423142389','Yeni Mah. Atatürk Cd. No:14 D:3, Merkez/Bingöl','user',NULL,'$2y$12$IRKDCM4DzFq4kLLcq5aq..bGUwB7G4zYKwguVhMEU1rXJvulSZHxK',NULL,'2026-06-01 11:47:05','2026-06-01 11:47:05');
INSERT INTO `users` (`id`,`name`,`email`,`phone`,`address`,`role`,`email_verified_at`,`password`,`remember_token`,`created_at`,`updated_at`) VALUES ('10','azra aybek','azraaybek@gmail.com',NULL,'Cumhuriyet Mah. İnönü Cd. No:7 D:1, Merkez/Bingöl','user',NULL,'$2y$12$kwom9R9c54.6UdCpP.SLRe12HgLUF2VDkndnWnyuzKyALNAukLY0.',NULL,'2026-06-09 11:05:31','2026-06-09 11:05:31');

-- orders
INSERT INTO `orders` (`id`,`user_id`,`order_number`,`total_price`,`status`,`name`,`phone`,`address`,`city`,`note`,`payment_method`,`created_at`,`updated_at`) VALUES ('2','3','ORD-NGZBK3Q8','1147.00','onshipping','Yaren Gökçül','05321234567','Şehitkamil Mah. Cumhuriyet Bulvarı No:45 D:7, Şehitkamil/Gaziantep','Gaziantep',NULL,'cash_on_delivery','2026-06-08 21:56:28','2026-06-08 21:56:28');
INSERT INTO `orders` (`id`,`user_id`,`order_number`,`total_price`,`status`,`name`,`phone`,`address`,`city`,`note`,`payment_method`,`created_at`,`updated_at`) VALUES ('3','4','ORD-1UZUMQNG','62498.00','completed','Ata Çelik','05441234567','Merkez Mah. İnönü Cd. No:8 D:2, Merkez/Bingöl','Bingöl',NULL,'cash_on_delivery','2026-06-08 21:56:28','2026-06-08 21:56:28');
INSERT INTO `orders` (`id`,`user_id`,`order_number`,`total_price`,`status`,`name`,`phone`,`address`,`city`,`note`,`payment_method`,`created_at`,`updated_at`) VALUES ('4','4','ORD-TFSNUFOE','10999.00','cancelled','Ata Çelik','05441234567','Merkez Mah. İnönü Cd. No:8 D:2, Merkez/Bingöl','Bingöl',NULL,'cash_on_delivery','2026-06-08 21:56:28','2026-06-08 21:59:19');
INSERT INTO `orders` (`id`,`user_id`,`order_number`,`total_price`,`status`,`name`,`phone`,`address`,`city`,`note`,`payment_method`,`created_at`,`updated_at`) VALUES ('6','5','ORD-E2OJBBQW','4299.00','new','İlayda Acarlar','05361234567','Kadıköy Mah. Moda Cd. No:33 D:5, Kadıköy/İstanbul','İstanbul',NULL,'cash_on_delivery','2026-06-08 21:56:28','2026-06-08 21:56:28');
INSERT INTO `orders` (`id`,`user_id`,`order_number`,`total_price`,`status`,`name`,`phone`,`address`,`city`,`note`,`payment_method`,`created_at`,`updated_at`) VALUES ('8','6','ORD-BBFKURHM','377.00','completed','Burhan Durmazz','05351234567','İbrahimli Mah. Gaziler Cd. No:17 D:3, Şahinbey/Gaziantep','Gaziantep',NULL,'cash_on_delivery','2026-06-08 21:56:28','2026-06-08 21:56:28');

-- order_items
INSERT INTO `order_items` (`id`,`order_id`,`product_id`,`quantity`,`price`,`created_at`,`updated_at`) VALUES ('5','3','2','1','54999.00','2026-06-08 21:56:28','2026-06-08 21:56:28');
INSERT INTO `order_items` (`id`,`order_id`,`product_id`,`quantity`,`price`,`created_at`,`updated_at`) VALUES ('6','3','4','1','7499.00','2026-06-08 21:56:28','2026-06-08 21:56:28');
INSERT INTO `order_items` (`id`,`order_id`,`product_id`,`quantity`,`price`,`created_at`,`updated_at`) VALUES ('10','6','8','1','4299.00','2026-06-08 21:56:28','2026-06-08 21:56:28');

